{"cameraMode":{"drawMode":0,"name":"Shaded","section":"Shading Mode"},"sceneLighting":false,"audioPlay":false,"sceneViewState":{"showFog":true,"showMaterialUpdate":false,"showSkybox":true,"showFlares":true,"showImageEffects":true,"showParticleSystems":true},"in2DMode":false,"pivot":{"x":43.379966735839847,"y":0.818332850933075,"z":26.637542724609376},"rotation":{"x":0.2184467762708664,"y":-0.7739741802215576,"z":0.3543127775192261,"w":0.47718703746795657},"size":5.644331455230713,"orthographic":false}