{"cameraMode":{"drawMode":0,"name":"Shaded","section":"Shading Mode"},"sceneLighting":false,"audioPlay":false,"sceneViewState":{"showFog":true,"showMaterialUpdate":false,"showSkybox":true,"showFlares":true,"showImageEffects":true,"showParticleSystems":true},"in2DMode":false,"pivot":{"x":306.19830322265627,"y":53.26499938964844,"z":179.09500122070313},"rotation":{"x":0.3041248917579651,"y":0.015589019283652306,"z":-0.004980361554771662,"w":0.9524915814399719},"size":86.89835357666016,"orthographic":false}