{"cameraMode":{"drawMode":0,"name":"Shaded","section":"Shading Mode"},"sceneLighting":true,"audioPlay":false,"sceneViewState":{"showFog":true,"showMaterialUpdate":false,"showSkybox":true,"showFlares":true,"showImageEffects":true,"showParticleSystems":true},"in2DMode":false,"pivot":{"x":140.73660278320313,"y":-0.4335212707519531,"z":210.72048950195313},"rotation":{"x":-0.0636131763458252,"y":-0.2839890718460083,"z":0.018874358385801317,"w":-0.9565288424491882},"size":170.37759399414063,"orthographic":false}