{"cameraMode":{"drawMode":0,"name":"Shaded","section":"Shading Mode"},"sceneLighting":false,"audioPlay":false,"sceneViewState":{"showFog":true,"showMaterialUpdate":false,"showSkybox":true,"showFlares":true,"showImageEffects":true,"showParticleSystems":true},"in2DMode":false,"pivot":{"x":7.10318660736084,"y":-3.223140001296997,"z":-12.266484260559082},"rotation":{"x":0.031830791383981708,"y":0.9644157290458679,"z":-0.1371917575597763,"w":0.22375763952732087},"size":26.990005493164064,"orthographic":false}