{"cameraMode":{"drawMode":0,"name":"Shaded","section":"Shading Mode"},"sceneLighting":false,"audioPlay":false,"sceneViewState":{"showFog":true,"showMaterialUpdate":false,"showSkybox":true,"showFlares":true,"showImageEffects":true,"showParticleSystems":true},"in2DMode":false,"pivot":{"x":121.01000213623047,"y":11.079999923706055,"z":-29.261981964111329},"rotation":{"x":-0.016466684639453889,"y":-0.9815554618835449,"z":0.16237688064575196,"w":-0.0995565876364708},"size":151.98556518554688,"orthographic":false}