{"cameraMode":{"drawMode":0,"name":"Shaded","section":"Shading Mode"},"sceneLighting":false,"audioPlay":false,"sceneViewState":{"showFog":true,"showMaterialUpdate":false,"showSkybox":true,"showFlares":true,"showImageEffects":true,"showParticleSystems":true},"in2DMode":false,"pivot":{"x":213.49490356445313,"y":3.652651071548462,"z":34.577415466308597},"rotation":{"x":0.4845165014266968,"y":0.06553078442811966,"z":-0.03642089664936066,"w":0.8715635538101196},"size":23.19663429260254,"orthographic":false}