{"cameraMode":{"drawMode":0,"name":"Shaded","section":"Shading Mode"},"sceneLighting":false,"audioPlay":false,"sceneViewState":{"showFog":true,"showMaterialUpdate":false,"showSkybox":true,"showFlares":true,"showImageEffects":true,"showParticleSystems":true},"in2DMode":false,"pivot":{"x":30.706653594970704,"y":30.420700073242189,"z":-62.79630661010742},"rotation":{"x":-0.3132655620574951,"y":0.44012922048568728,"z":-0.16717417538166047,"w":-0.8247446417808533},"size":13.22484302520752,"orthographic":false}