{"cameraMode":{"drawMode":0,"name":"Shaded","section":"Shading Mode"},"sceneLighting":false,"audioPlay":false,"sceneViewState":{"showFog":true,"showMaterialUpdate":false,"showSkybox":true,"showFlares":true,"showImageEffects":true,"showParticleSystems":true},"in2DMode":false,"pivot":{"x":-0.0006749629974365234,"y":0.5426139235496521,"z":0.009653657674789429},"rotation":{"x":0.3422377407550812,"y":0.1305222064256668,"z":-0.0480617955327034,"w":0.9292617440223694},"size":5.249117374420166,"orthographic":false}