{"cameraMode":{"drawMode":0,"name":"Shaded","section":"Shading Mode"},"sceneLighting":false,"audioPlay":false,"sceneViewState":{"showFog":true,"showMaterialUpdate":false,"showSkybox":true,"showFlares":true,"showImageEffects":true,"showParticleSystems":true},"in2DMode":false,"pivot":{"x":193.385498046875,"y":1.1115326881408692,"z":31.29901885986328},"rotation":{"x":0.22421686351299287,"y":0.1245732232928276,"z":-0.02891453355550766,"w":0.966111958026886},"size":15.51418685913086,"orthographic":false}