{"cameraMode":{"drawMode":0,"name":"Shaded","section":"Shading Mode"},"sceneLighting":true,"audioPlay":false,"sceneViewState":{"showFog":true,"showMaterialUpdate":false,"showSkybox":true,"showFlares":true,"showImageEffects":true,"showParticleSystems":true},"in2DMode":false,"pivot":{"x":84.20013427734375,"y":9.260720252990723,"z":144.95208740234376},"rotation":{"x":0.12963058054447175,"y":0.7646810412406921,"z":-0.16251108050346375,"w":0.6099581718444824},"size":23.79751205444336,"orthographic":false}