{"cameraMode":{"drawMode":0,"name":"Shaded","section":"Shading Mode"},"sceneLighting":true,"audioPlay":false,"sceneViewState":{"showFog":true,"showMaterialUpdate":false,"showSkybox":true,"showFlares":true,"showImageEffects":true,"showParticleSystems":true},"in2DMode":false,"pivot":{"x":177.41078186035157,"y":15.005374908447266,"z":126.81229400634766},"rotation":{"x":-0.009468808770179749,"y":-0.9800631403923035,"z":0.1925293207168579,"w":-0.048157233744859698},"size":72.68054962158203,"orthographic":false}