{"cameraMode":{"drawMode":0,"name":"Shaded","section":"Shading Mode"},"sceneLighting":true,"audioPlay":false,"sceneViewState":{"showFog":true,"showMaterialUpdate":false,"showSkybox":true,"showFlares":true,"showImageEffects":true,"showParticleSystems":true},"in2DMode":false,"pivot":{"x":56.03082275390625,"y":-53.88478469848633,"z":-29.949684143066408},"rotation":{"x":-0.04147430881857872,"y":-0.9519864916801453,"z":0.26384463906288149,"w":-0.14962513744831086},"size":145.1162872314453,"orthographic":false}