{"cameraMode":{"drawMode":0,"name":"Shaded","section":"Shading Mode"},"sceneLighting":false,"audioPlay":false,"sceneViewState":{"showFog":true,"showMaterialUpdate":false,"showSkybox":true,"showFlares":true,"showImageEffects":true,"showParticleSystems":true},"in2DMode":false,"pivot":{"x":0.0,"y":0.49750396609306338,"z":-0.030585289001464845},"rotation":{"x":0.31139397621154787,"y":0.010206414386630059,"z":-0.003351558931171894,"w":0.9502202272415161},"size":25.371536254882814,"orthographic":false}