{"cameraMode":{"drawMode":0,"name":"Shaded","section":"Shading Mode"},"sceneLighting":false,"audioPlay":false,"sceneViewState":{"showFog":true,"showMaterialUpdate":false,"showSkybox":true,"showFlares":true,"showImageEffects":true,"showParticleSystems":true},"in2DMode":false,"pivot":{"x":0.013985157012939453,"y":0.611047625541687,"z":-0.004255473613739014},"rotation":{"x":0.133204847574234,"y":0.766001284122467,"z":-0.1683780699968338,"w":0.6059268116950989},"size":2.843337297439575,"orthographic":false}