{"cameraMode":{"drawMode":0,"name":"Shaded","section":"Shading Mode"},"sceneLighting":false,"audioPlay":false,"sceneViewState":{"showFog":true,"showMaterialUpdate":false,"showSkybox":true,"showFlares":true,"showImageEffects":true,"showParticleSystems":true},"in2DMode":false,"pivot":{"x":351.4873046875,"y":-25.407752990722658,"z":83.19090270996094},"rotation":{"x":0.281108558177948,"y":0.5720078349113464,"z":-0.21750479936599732,"w":0.7392405867576599},"size":102.6441879272461,"orthographic":false}