{"cameraMode":{"drawMode":0,"name":"Shaded","section":"Shading Mode"},"sceneLighting":false,"audioPlay":false,"sceneViewState":{"showFog":true,"showMaterialUpdate":false,"showSkybox":true,"showFlares":true,"showImageEffects":true,"showParticleSystems":true},"in2DMode":false,"pivot":{"x":0.0,"y":0.8358873724937439,"z":0.012458637356758118},"rotation":{"x":-0.1225271001458168,"y":-0.06862819939851761,"z":0.008498074486851693,"w":-0.9900530576705933},"size":4.456679821014404,"orthographic":false}