{"cameraMode":{"drawMode":0,"name":"Shaded","section":"Shading Mode"},"sceneLighting":false,"audioPlay":false,"sceneViewState":{"showFog":true,"showMaterialUpdate":false,"showSkybox":true,"showFlares":true,"showImageEffects":true,"showParticleSystems":true},"in2DMode":false,"pivot":{"x":2.1989998817443849,"y":1.8499999046325684,"z":1.7757915258407593},"rotation":{"x":0.035064585506916049,"y":0.8225959539413452,"z":-0.051034558564424518,"w":0.5652450323104858},"size":2.988276958465576,"orthographic":false}