{"cameraMode":{"drawMode":0,"name":"Shaded","section":"Shading Mode"},"sceneLighting":false,"audioPlay":false,"sceneViewState":{"showFog":true,"showMaterialUpdate":false,"showSkybox":true,"showFlares":true,"showImageEffects":true,"showParticleSystems":true},"in2DMode":false,"pivot":{"x":0.03725433349609375,"y":0.31209278106689455,"z":-0.004634857177734375},"rotation":{"x":0.17531326413154603,"y":0.6327970027923584,"z":-0.1500803679227829,"w":0.7391272783279419},"size":2.7774248123168947,"orthographic":false}