{"cameraMode":{"drawMode":0,"name":"Shaded","section":"Shading Mode"},"sceneLighting":false,"audioPlay":false,"sceneViewState":{"showFog":true,"showMaterialUpdate":false,"showSkybox":true,"showFlares":true,"showImageEffects":true,"showParticleSystems":true},"in2DMode":false,"pivot":{"x":43.379966735839847,"y":0.818332850933075,"z":26.637542724609376},"rotation":{"x":0.06504898518323899,"y":-0.9129419326782227,"z":0.16076430678367616,"w":0.36940547823905947},"size":5.644331455230713,"orthographic":false}