{"cameraMode":{"drawMode":0,"name":"Shaded","section":"Shading Mode"},"sceneLighting":false,"audioPlay":false,"sceneViewState":{"showFog":true,"showMaterialUpdate":false,"showSkybox":true,"showFlares":true,"showImageEffects":true,"showParticleSystems":true},"in2DMode":false,"pivot":{"x":43.379966735839847,"y":0.818332850933075,"z":26.637542724609376},"rotation":{"x":-0.22970391809940339,"y":0.17751488089561463,"z":-0.042653217911720279,"w":-0.9559839963912964},"size":5.644331455230713,"orthographic":false}